simplified_description,Protein (g),Total Fat (g),Carbs (g),Water (g),Sodium (mg),Sugar (g)
 Egg whites,,,,,143.9375,
" Egg whites, dried",,,,,1250.6666666666667,
 Egg yolk,,,,,65.86666666666666,
" Egg yolks, dried",,,,,146.88888888888889,
 Whole eggs,,,,,121.42857142857143,
" Whole eggs, dried",,,,,463.625,
"ALMOND MILK, UNSWEETENED, PLAIN",,1.22125,,97.39875,59.582142857142856,
"APPLE JUICE FROM CONCENTRATE WITH ADDED VITAMIN C, SHELF STABLE",,0.28625,,88.139375,4.871875,
"APPLES, FUJI",,0.1625,,83.625,1.0,
"APPLES, FUJI, WITH SKIN",,0.1625,,83.614375,1.0125,13.33125
"APPLES, GALA",,0.15000000000000002,,84.6375,0.25,
"APPLES, GALA, WITH SKIN",,0.15000000000000002,,84.64625,0.27875,11.83375
"APPLES, GRANNY SMITH",,0.1375,,85.1375,0.0,
"APPLES, GRANNY SMITH, WITH SKIN",,0.1375,,85.135625,0.0,10.65125
"APPLES, HONEYCRISP",,0.1,,85.025,0.125,
"APPLES, HONEYCRISP, WITH SKIN",,0.1,,85.0325,0.1375,12.3675
"APPLES, RED DELICIOUS",,0.2125,,84.66250000000001,0.0,
"APPLES, RED DELICIOUS, WITH SKIN",,0.2125,,84.665,0.0,12.220625
"Almond butter, creamy",20.78734,53.04,21.23666,1.751,0.9963,
"Almond milk, unsweetened, plain",0.5885416666666666,1.3333333333333333,0.4483249999999999,97.10666666666667,59.46,
Almonds dry roasted salted,,57.74615384615385,,2.2046153846153844,255.46153846153845,
American Cheese,,31.133333333333333,,39.407407407407405,1588.1818181818182,
American cheese,,31.127586206896552,,39.59310344827586,1626.9565217391305,
"American pasteurized prepared cheese product, with added vitamin D, sliced",,22.3425,,45.2425,1432.5,
"American pasteurized process cheese food, sliced, individually wrapped",,27.185000000000002,,42.995000000000005,1425.0,
"American pasteurized process cheese food, with added vitamin D, sliced",,22.44,,46.48,1480.0,
"American pasteurized process cheese product, sliced, individually wrapped",,24.7,,44.77,1300.0,
"Apple juice, with added vitamin C, from concentrate",0.0859375,0.2863,11.3639625,88.14,4.872,
"Apples, fuji, with skin",0.14921875,0.16125,15.67558125,83.60499999999999,1.0065,13.33
"Apples, gala, with skin",0.13140625,0.15,14.78404375,84.625,0.1394,11.83
"Apples, granny smith, with skin",0.2678125,0.13875,14.1714875,85.12,0.0,10.65
"Apples, honeycrisp, with skin",0.10078125,0.1,14.69096875,85.015,0.06875,12.37
"Apples, red delicious, with skin",0.18875,0.21125,14.79085,84.685,0.0,12.22
"Applesauce, unsweetened, with added vitamin C",0.2734375,0.1625,12.2615625,87.1,0.5038,
"BANANAS, OVERRIPE",,0.22333333333333336,,,,
"BANANAS, RIPE",,0.21833333333333335,,,0.0,
"BANANAS, SLIGHTLY RIPE",,0.36833333333333335,,,,
"BEEF BREAKFAST SAUSAGE, BANQUET BROWN N SERVE SAUSAGE LINKS",,28.599999999999998,,53.76666666666667,790.0,
"BEEF BREAKFAST SAUSAGE, BANQUET BROWN N SERVE SAUSAGE LINKS, MAPLE FLAVOR",,32.5,,49.3,784.0,
"BEEF BREAKFAST SAUSAGE, ECKRICH SAUSAGE LINKS",,27.366666666666664,,49.8,1020.0,
"BUTTER, STICK, SALTED",,,,,523.8461538461538,
"BUTTER, STICK, UNSALTED",,,,,9.714285714285714,
Bacon,,37.42142857142857,,14.67642857142857,1807.9166666666667,
"Bacon, cooked",,34.523809523809526,,13.424285714285716,1783.6363636363637,
Bacon; cooked,,36.63333333333333,,13.72166666666667,1977.0,
"Bananas, overripe",,,,78.28333333333333,,
"Bananas, overripe, raw",0.73,0.22,20.1,78.3,,
"Bananas, ripe",,,,75.01666666666667,,
"Bananas, ripe and slightly ripe, raw",0.74,0.29,23.0,75.3,0.0,
"Bananas, slightly ripe",,,,75.51666666666667,,
Beans snap canned drained,,,,,281.5,
"Beans, Dry, Black",24.41190476190476,1.450079365079365,,0.0,,
"Beans, Dry, Black (0% moisture)",24.4,1.45,,0.0,,
"Beans, Dry, Brown",25.55,1.1150000000000002,,0.0,,
"Beans, Dry, Brown (0% moisture)",25.6,1.12,,0.0,,
"Beans, Dry, Carioca",25.125,1.44,,0.0,,
"Beans, Dry, Carioca (0% moisture)",25.2,1.44,,0.0,,
"Beans, Dry, Cranberry",24.35,1.23,,0.0,,
"Beans, Dry, Cranberry (0% moisture)",24.4,1.23,,0.0,,
"Beans, Dry, Dark Red Kidney",25.875,1.31,,0.0,,
"Beans, Dry, Dark Red Kidney (0% moisture)",25.9,1.31,,0.0,,
"Beans, Dry, Flor de Mayo",23.35,0.86,,0.0,,
"Beans, Dry, Flor de Mayo (0% moisture)",23.3,0.86,,0.0,,
"Beans, Dry, Great Northern",24.683088235294118,1.2380882352941176,,0.0,,
"Beans, Dry, Great Northern (0% moisture)",24.7,1.24,,0.0,,
"Beans, Dry, Light Red Kidney",25.0,1.03,,0.0,,
"Beans, Dry, Light Red Kidney (0% moisture)",25.0,1.03,,0.0,,
"Beans, Dry, Light Tan",24.549999999999997,1.275,,0.0,,
"Beans, Dry, Light Tan (0% moisture)",24.6,1.28,,0.0,,
"Beans, Dry, Medium Red",25.45,1.04,,0.0,,
"Beans, Dry, Medium Red (0% moisture)",25.5,1.04,,0.0,,
"Beans, Dry, Navy",24.09732142857143,1.5113392857142858,,0.0,,
"Beans, Dry, Navy (0% moisture)",24.1,1.51,,0.0,,
"Beans, Dry, Pink",23.44,1.1971666666666667,,0.0,,
"Beans, Dry, Pink (0% moisture)",23.4,1.2,,0.0,,
"Beans, Dry, Pinto",23.737301587301587,1.2364285714285714,,0.0,,
"Beans, Dry, Pinto (0% moisture)",23.7,1.24,,0.0,,
"Beans, Dry, Red",21.25,1.16,,0.0,,
"Beans, Dry, Red (0% moisture)",21.3,1.16,,0.0,,
"Beans, Dry, Small Red",23.54102564102564,1.284871794871795,,0.0,,
"Beans, Dry, Small Red (0% moisture)",23.5,1.28,,0.0,,
"Beans, Dry, Small White",24.49285714285714,1.3185714285714287,,0.0,,
"Beans, Dry, Small White (0% moisture)",24.5,1.32,,0.0,,
"Beans, Dry, Tan",26.75,1.145,,0.0,,
"Beans, Dry, Tan (0% moisture)",26.8,1.14,,0.0,,
"Beans, black, canned",6.9125,1.273,19.8135,70.79,217.9,
"Beans, cannellini, canned",7.4125,1.169,18.8185,71.53,164.0,
"Beans, cannellini, dry",21.5625,2.199,59.7955,12.3,0.0,
"Beans, great northern, canned",7.03125,1.266,19.32875,71.16,223.1,
"Beans, kidney, dark red",7.8,1.256,21.03,68.82,172.3,
"Beans, kidney, light red",7.30625,1.299,21.44675,68.93,158.5,
"Beans, navy, canned",6.56875,1.398,19.98325,70.96,190.1,
"Beans, pinto, canned",6.69375,1.266,19.60025,71.33,201.6,
"Beans, snap, canned",,0.3933333333333333,,93.55,,
"Beans, snap, green",1.504375,0.3325,5.761225,91.63,141.0,
"Beef, chuck, roast",18.4,17.8,0.0,63.43,48.44,
"Beef, flank, steak",20.13125,9.399,0.0,69.78,51.3,
"Beef, ground, 80% lean",,20.01571428571429,,62.4,54.68571428571429,
"Beef, ground, 80% lean meat / 20% fat",17.53125,19.44,0.0,62.82,54.94,
"Beef, ground, 90% lean",,13.27,,68.73,62.675000000000004,
"Beef, ground, 90% lean meat / 10% fat",18.15625,12.85,0.0,69.0,61.64,
"Beef, ground, grass-fed",,13.014,,68.572,59.82000000000001,
"Beef, loin, tenderloin roast",27.7,6.36,0.0,65.7,54.0,
"Beef, loin, top loin steak",22.8,6.39,0.0,69.9,45.0,
"Beef, ribeye, steak",18.74375,20.04,0.0,60.63,42.54,
"Beef, round, eye of round roast",23.4,2.48,0.0,73.7,50.0,
"Beef, round, top round",21.475,5.703,0.852,70.88,45.54,
"Beef, round, top round roast",23.7,2.41,0.0,73.3,55.0,
"Beef, short loin, porterhouse steak",22.7,5.32,0.0,71.4,43.0,
"Beef, short loin, t-bone steak",27.3,11.4,0.0,60.3,67.0,
"Beets, raw",1.6875,0.3025,8.787,88.16333333333334,111.63333333333333,
"Blackeye pea, canned, sodium added",6.925,1.296,19.1659,71.62,226.7,
"Blackeye pea, dry",21.225,2.419,61.836,11.01,3.458,
"Blueberries, raw",0.703125,0.3063,14.571775,84.19,0.0,
"Bok choy, regular (not baby), raw",,0.23375,,94.53875,14.27375,
"Bread, white, commercially prepared",9.43,3.59,49.2,35.7,477.0,
"Bread, whole-wheat, commercially prepared",12.3,3.55,43.1,38.7,450.0,
"Broccoli, Cooked, Region 2",,0.37,,91.8,32.0,
"Broccoli, Cooked, Region 4",,0.495,,90.6,31.0,
"Broccoli, Pass 2, Region 1",,0.37,,90.2,,
"Broccoli, Pass 2, Region 2",,0.31,,91.2,32.0,
"Broccoli, Pass 2, Region 3",,0.41,,90.4,39.0,
"Broccoli, Pass 2, Region 4",,0.23,,90.4,51.0,
"Broccoli, Region 1, n/a",,0.395,,90.25,28.0,
"Broccoli, Region 2, n/a",,0.32,,91.9,25.0,
"Broccoli, Region 3, n/a",,0.29,,91.1,37.0,
"Broccoli, Region 4, n/a",,0.36,,90.95,38.0,
"Broccoli, raw",2.57,0.34,6.279999999999999,90.0,36.0,
"Broccoli, steamed, Pass 2",,0.39,,90.6,52.0,
"Brussels sprouts, raw",3.984375,0.565,9.615625,84.61888888888889,25.738888888888887,
"Buckwheat, whole grain",11.06534,3.039,71.13066,12.95,0.0,
"Butter, stick, salted",,82.2,,15.757142857142856,524.0,
"Butter, stick, unsalted",,81.4875,,17.4375,10.0,
"Buttermilk, low fat",3.464978,1.081,4.811522,89.79,92.49,
"Buttermilk, lowfat",,1.08125,,89.79125,92.49375,
"CHEESE, RICOTTA, WHOLE MILK",,11.046153846153846,,72.91818181818182,105.45454545454545,
"CHORIZO PORK SAUSAGE, JOHNSONVILLE, COOKED",,28.4,,49.6,837.0,
"CHORIZO PORK SAUSAGE, MIXED BRAND, COOKED",,27.7,,45.525,1019.5,
"CRANBERRY JUICE, SHELF STABLE, FROM CONCENTRATE",,0.33749999999999997,,92.295,6.3412500000000005,
"Cabbage, bok choy, raw",1.02375,0.2338,3.51495,94.54,14.27,
"Cabbage, green, raw",0.96125,0.2275,6.38375,91.87,16.1,
"Cabbage, red, raw",1.2425,0.2138,6.7899,91.14,11.72,
"Cantaloupe, Raw, Pass 2",,0.18,,89.625,14.5,
"Cantaloupe, raw, Region 1",,0.18,,90.6,45.0,
"Cantaloupe, raw, Region 2",,,,,34.0,
"Cantaloupe, raw, Region 3",,0.18,,91.5,58.0,
"Cantaloupe, raw, Region 4",,0.23,,90.9,45.0,
"Carrots, baby, raw",0.805,0.1375,9.0787,89.3,62.66,
"Carrots, frozen, unprepared",0.81,0.47,7.92,90.1,66.0,
"Carrots, frozen, unprepared (Includes foods for USDA's Food Distribution Program)",0.81,0.47,7.92,90.1,66.0,
"Carrots, mature, raw",0.94125,0.3506,10.26755,87.72,86.65,
"Carrots, sliced or crinkle cut, frozen",,0.5,,90.03333333333333,67.16666666666667,
"Carrots, whole, unprepared - Minerals - NF99140G",,,,,65.0,
"Carrots, whole, unprepared - Minerals - NF99143B",,,,,59.0,
"Carrots, whole, unprepared - Minerals - NF99143V",,,,,57.0,
"Carrots, whole, unprepared - Minerals - NF99146Q",,,,,68.0,
"Carrots, whole, unprepared - Minerals - NF9914EI",,,,,68.0,
"Carrots, whole, unprepared - Proximates - NF99140C",,1.51,,89.6,,
"Carrots, whole, unprepared - Proximates - NF99140F",,0.4,,90.8,,
"Carrots, whole, unprepared - Proximates - NF991414",,0.41,,,,
"Carrots, whole, unprepared - Proximates - NF99143A",,0.35,,90.6,,
"Carrots, whole, unprepared - Proximates - NF99143S",,1.38,,89.6,,
"Carrots, whole, unprepared - Proximates - NF99143U",,0.38,,90.4,,
"Carrots, whole, unprepared - Proximates - NF99146P",,0.3,,90.5,,
"Carrots, whole, unprepared - Proximates - NF9914EH",,0.37,,90.2,,
"Cauliflower, raw",1.640625,0.23750000000000002,4.723075,92.71777777777778,20.0,
"Celery, raw",0.4921875,0.1625,3.3165125,95.2,97.21,
Cheese,,30.818181818181817,,39.85454545454545,1630.0,
"Cheese, American",,31.333333333333332,,38.949999999999996,,
"Cheese, American, restaurant",17.5,31.1,6.35,39.5,1600.0,
"Cheese, cheddar",23.3,34.0,2.44,36.6,654.0,
"Cheese, cotija, solid",23.83568,27.24,2.72432,40.0,1625.0,
"Cheese, cottage, lowfat",11.0,2.3,4.31,81.1,321.0,
"Cheese, dry white, queso seco",24.5,24.3,2.07,42.2,1810.0,
"Cheese, feta, whole milk",19.70782,19.07611111111111,5.58318,51.89,1033.5555555555557,
"Cheese, monterey jack, solid",22.6171,32.63,1.8979,39.18,662.2,
"Cheese, mozzarella, low moisture",23.7,20.4,4.44,47.7,699.0,
"Cheese, oaxaca, solid",22.14498,22.1,2.40202,49.8,734.2,
"Cheese, parmesan, grated",29.86956,29.348000000000003,8.36594,30.026,1116.3,
"Cheese, pasteurized process cheese food or product, American",15.5672,23.86,8.1898,44.78,1420.0,
"Cheese, pasteurized process, American",18.0,30.6,5.27,39.6,1660.0,
"Cheese, provolone, sliced",23.45288,28.13,2.45312,42.34,600.9,
"Cheese, queso fresco, solid",18.8848,23.36,2.9572,51.38,626.5,
"Cheese, ricotta, whole milk",7.81,11.0,6.86,72.9,105.0,
"Cheese, swiss",27.0,31.0,1.44,37.6,185.0,
Cheese; American,,,,,1458.3333333333333,
"Cherries, dark red, sweet",,0.1925,,82.175,0.0,
"Cherries, sweet, dark red",1.039375,0.1925,16.163125,82.18,0.0,
"Chicken, breast, boneless",22.525,1.934,0.0,74.78,65.75,
"Chicken, broiler or fryers, breast",32.1,3.24,0.0,65.3,47.0,
"Chicken, broilers or fryers, drumstick",23.9,5.95,0.0,69.9,117.0,
"Chicken, ground, breast meat only",,2.66,,75.31,43.05,
"Chicken, ground, raw",,8.661666666666667,,74.51666666666667,69.58333333333333,
"Chicken, ground, with additives",17.9125,7.161,0.0,74.72,62.95,
"Chicken, thigh, boneless",18.6125,7.916,0.0,72.92,62.33,
"Chickpeas (garbanzo beans, bengal gram), canned",7.01875,3.096,20.32025,68.59,201.7,
"Chickpeas, (garbanzo beans, bengal gram)",21.275,6.274,60.358,8.774,8.779,
"Cholesterol & moisture, Cottage cheese, 2% milkfat",,2.35,,80.2,,
"Cholesterol, Cheese, swiss",,30.583333333333332,,36.98333333333333,,
"Collards, raw",2.96875,0.77,7.02225,87.51222222222222,18.41,
"Cookies, oatmeal, soft",5.79,14.3,69.6,8.85,314.0,
"Cottage cheese, full fat, large or small curd",11.62436,4.225,4.59964,78.1,349.8,
"Cranberry juice, not fortified, from concentrate",0.0,0.3375,7.26375,92.3,6.341,
"Cream cheese, full fat, block",5.78985,33.49,4.55615,54.72,367.8,
"Cream, heavy",2.017994,35.56,3.799506,58.13,20.61,
"Cream, sour, full fat",3.070694,17.99,5.555506,72.58,50.04,
"Crustaceans, crab, blue swimming",18.65,0.8075,0.0,78.88,331.3,
"Crustaceans, shrimp, farm raised",15.56875,0.8013,0.48495,81.28,474.9,
"Cucumber, with peel, raw",0.625,0.1775,2.9525,95.87,1.515,
Egg whites,,0.155625,,88.31875,,
"Egg whites, dried",,0.6493333333333333,,7.984666666666667,,
Egg yolk,,25.1,,56.10666666666667,,
"Egg yolks, dried",,55.476470588235294,,3.635294117647059,151.375,
"Egg, white, dried",79.9,0.65,6.02,7.98,1250.0,
"Egg, white, raw",10.1,0.16,0.74,88.3,144.0,
"Egg, whole, dried",48.1,39.8,1.87,4.07,485.0,
"Egg, whole, raw",12.3,10.3,0.91,75.4,121.0,
"Egg, yolk, dried",34.2,55.5,1.07,3.64,149.0,
"Egg, yolk, raw",15.6,25.1,0.59,56.1,66.0,
"Eggplant, Italian, raw",,0.12,,93.10875,0.4425,
"Eggplant, raw",0.851875,0.12,5.399325,93.11,0.4425,
"Eggs, Grade A, Large",13.1,12.920000000000002,1.4466666666666665,71.39999999999999,129.0,
"Eggs, whites",,0.0,,86.33749999999999,,
"Eggs, whole",,9.955416666666666,,75.85,128.5909090909091,
"Eggs, yolk",,28.425,,52.166666666666664,,
"Eggs, yolk ",,29.141666666666666,,52.13333333333333,,
"FLOUR, ALL PURPOSE (ENRICHED) (BLEACHED)",,1.4833333333333334,,9.83,2.5,
"FLOUR, ALL PURPOSE (ENRICHED) (UNBLEACHED)",,1.4833333333333334,,11.683333333333332,3.6666666666666665,
"FLOUR, ALL PURPOSE (UNENRICHED) (UNBLEACHED)",,1.5,,10.4,3.0,
"FLOUR, ALL PURPOSE (UNENRICHED) (UNBLEACHED) (ORGANIC)",,1.7399999999999998,,11.222,2.4,
"FLOUR, BREAD, WHITE (ENRICHED) (UNBLEACHED)",,1.6600000000000001,,10.866,2.4,
"FLOUR, BREAD, WHITE (ENRICHED) (UNBLEACHED) (ORGANIC)",,1.6,,9.65,3.0,
"FLOUR, CORN, YELLOW (FINE MEAL) (ENRICHED)",,1.7399999999999998,,10.756,0.0,
"FLOUR, PASTRY, WHITE (UNENRICHED) (UNBLEACHED)",,1.6440000000000001,,11.92,1.0,
"FLOUR, RICE, BROWN",,4.165,,11.850000000000001,1.5,
"FLOUR, RICE, BROWN (ORGANIC)",,3.535,,12.45,1.5,
"FLOUR, RICE, GLUTENOUS",,1.165,,11.75,6.333333333333333,
"FLOUR, RICE, WHITE",,1.3199999999999998,,11.459999999999999,5.2,
"FLOUR, RICE, WHITE (ORGANIC)",,1.2,,12.5,3.0,
"FLOUR, SOY (DEFATTED)",,3.3259999999999996,,6.244,2.0,
"FLOUR, SOY, FULL FAT",,20.599999999999998,,7.73,3.25,
"FLOUR, SOY, FULL FAT (ORGANIC)",,20.9,,8.085,0.0,
"FLOUR, WHOLE WHEAT (UNENRICHED)",,2.55,,9.379999999999999,3.0,
"FLOUR, WHOLE WHEAT (UNENRICHED) (ORGANIC)",,3.1,,9.565000000000001,3.5,
"Fat, Chicken, dark meat",,5.951666666666666,,,,
"Fat, Chicken, skin",,44.04,,,,
"Figs, Dried, Pass 2",,1.20625,,30.9,11.375,
"Figs, dried, uncooked",3.3,0.92,63.9,30.0,10.0,
"Fish, catfish, farm raised",16.46875,7.308,0.0,75.89,60.51,
"Fish, cod, Atlantic",16.06875,0.6675,0.0,82.86,298.8,
"Fish, haddock, raw",16.3,0.45,0.0,83.4,213.0,
"Fish, pollock, raw",12.3,0.41,0.0,86.7,333.0,
"Fish, salmon, Atlantic",20.31875,13.11,0.0,65.84,49.49,
"Fish, salmon, sockeye",22.3,4.936,0.0,72.51,53.3,
"Fish, tilapia, farm raised",19.0,2.479,0.0,78.28,93.66,
"Fish, tuna, light",19.0,0.94,0.08,79.0,219.0,
"Flaxseed, ground",18.0359,37.28,34.3551,6.804,36.74,
"Flour, 00",11.4,1.52,74.4462,12.17,0.0,
"Flour, Semolina, Coarse",,1.54,,12.293333333333331,0.0,
"Flour, Semolina, Semi-Coarse",,1.6533333333333333,,12.185,0.0,
"Flour, almond",26.24375,50.23,16.24925,4.316,0.8944,
"Flour, almond, blanched",,50.22625,,4.31625,0.894375,
"Flour, amaranth",13.2093,6.236,68.7787,9.486,0.0,
"Flour, barley",8.72168,2.45,77.39832,9.899,20.33,
"Flour, bread, white",14.3,1.65,72.8,10.7,3.0,
"Flour, buckwheat",8.88492,2.484,75.01808,12.04,0.0,
"Flour, cassava",0.918225,0.4938,87.312975,10.56,13.08,
"Flour, chestnut",5.28675,4.636,80.45025,7.326,0.0,
"Flour, coconut",16.1385,15.28,58.9025,4.69,46.94,
"Flour, corn, yellow",6.2,1.74,80.8,10.8,0.0,
"Flour, oat, whole grain",13.16875,6.309,69.91725,8.859,3.619,
"Flour, pastry, unenriched",8.75,1.64,77.2,11.9,1.0,
"Flour, potato",8.1125,0.9512555555555555,79.9422,8.281222222222222,47.656666666666666,
"Flour, quinoa",11.92235,6.601,69.52465,9.951,6.321,
"Flour, rice, brown",7.19,3.85,75.5,12.1,1.0,
"Flour, rice, glutinous",6.69,1.16,80.1,11.8,6.0,
"Flour, rice, white",6.94,1.3,79.8,11.6,5.0,
"Flour, rye",8.3952,1.908,77.1618,11.13,0.0,
"Flour, semolina, coarse and semi-coarse",11.73125,1.597,73.82345,12.24,0.0,
"Flour, semolina, fine",13.33125,1.838,71.98575,12.11,0.4263,
"Flour, sorghum",8.27277,3.586,77.39123,9.414,0.0,
"Flour, soy, defatted",51.1,3.33,32.9,6.24,2.0,
"Flour, soy, full-fat",38.6,20.7,27.9,7.85,2.0,
"Flour, spelt, whole grain",14.475,2.543,70.723,10.72,0.0,
"Flour, wheat, all-purpose",12.0,1.5533333333333335,75.03333333333333,10.876666666666665,2.6666666666666665,
"Flour, whole grain oat",,6.30875,,8.85875,3.61875,
"Flour, whole wheat, unenriched",15.1,2.73,71.2,9.44,3.0,
"Frankfurter, beef, unheated",11.7,28.0,2.89,54.6,872.0,
GARLIC,,0.38333333333333336,,63.083333333333336,,
"GRAPE JUICE, PURPLE, FROM CONCENTRATE WITH ADDED VITAMIN C",,0.2875,,83.710625,4.01875,
"GRAPE JUICE, WHITE, FROM CONCENTRATE WITH ADDED VITAMIN C",,0.265,,83.656875,7.1875,
"GRAPEFRUIT JUICE, RED, REFRIGERATED",,0.266875,,89.839375,1.0309375,
"Garlic, raw",6.62,0.38,28.2,63.1,,
"Grape juice, purple, with added vitamin C",0.2578125,0.2875,15.6227875,83.71,4.019,
"Grape juice, white, with added vitamin C",0.09375,0.265,15.84375,83.66,7.188,
Grapefruit juice white shelf stable ,,,,,0.9,
"Grapefruit juice, red, not fortified",0.5703125,0.2669,9.1021875,89.84,1.031,
"Grapefruit juice, white, canned or bottled",0.55,0.7,7.59,90.9,1.0,
"Grapefruit juice, white, shelf stable - NFY1213SH",,0.73,,91.0,,
"Grapefruit juice, white, shelf stable - NFY1213SW",,0.69,,90.9,,
"Grapefruit juice, white, shelf stable - NFY1213T5",,0.43,,91.0,,
"Grapefruit juice, white, shelf stable - NFY1213TH",,0.65,,90.8,,
"Grapefruit juice, white, shelf stable - NFY1213TQ",,0.72,,91.0,,
"Grapefruit juice, white, shelf stable - NFY1213U4",,0.87,,90.8,,
"Grapefruit juice, white, shelf stable - NFY1213UD",,0.68,,90.8,,
"Grapefruit juice, white, shelf stable - NFY1213US",,0.5,,90.8,,
"Grapefruit juice, white, shelf stable - NFY1213V5",,0.86,,90.7,,
"Grapefruit juice, white, shelf stable - NFY1213VF",,0.83,,90.7,,
"Grapes, green, seedless",0.89875,0.2325,18.60375,79.88,3.171,
"Grapes, red, seedless",0.914375,0.1638,20.196825,78.19,6.999,
"Green beans, raw",,0.275,,89.66375,0.0,
Ham,,3.680434782608696,,70.68260869565218,993.3684210526316,
Ham ,,,,,1215.0,
"Ham, sliced, pre-packaged",16.7,3.73,0.27,75.7,1040.0,
"Ham, sliced, restaurant",19.6,3.68,2.36,70.7,1030.0,
Hot dogs beef,,28.01764705882353,,54.63529411764706,871.8235294117648,
Hummus,,17.136363636363637,,58.68181818181818,438.3636363636364,
"Hummus, commercial",7.35,17.1,14.9,58.7,438.0,
"ITALIAN PORK SAUSAGE, GREAT VALUE, COOKED",,27.0,,52.8,772.0,
"ITALIAN PORK SAUSAGE, JOHNSONVILLE HOT, COOKED",,26.8,,52.4,664.0,
"ITALIAN PORK SAUSAGE, JOHNSONVILLE MILD, COOKED",,25.3,,51.35,698.0,
"ITALIAN PORK SAUSAGE, KROGER, COOKED",,25.450000000000003,,53.3,937.0,
"ITALIAN PORK SAUSAGE, STORE/OTHER, COOKED",,27.48,,49.0,814.25,
Kale,,,,,32.45454545454545,
Kale - NFY1212CI,,1.56,,89.4,,
Kale - NFY1212CY,,1.43,,89.9,,
Kale - NFY1212DW,,1.45,,88.8,,
Kale - NFY1212EC,,1.49,,90.2,,
Kale - NFY1212ES,,1.51,,89.8,,
Kale - NFY1214RD,,1.19,,90.1,,
Kale - NFY1214RQ,,1.3,,89.5,,
Kale - NFY1214S2,,1.27,,90.0,,
Kale - NFY1214SF,,0.91,,91.3,,
Kale - NFY1214SR,,1.25,,89.6,,
Kale - NFY1214T3,,1.34,,88.6,,
"Kale, frozen, cooked",2.94,1.21,5.3,89.8,16.0,
"Kale, raw",2.92,1.49,4.42,89.6,53.0,
Ketchup,,0.5458695652173913,,68.45869565217392,934.1071428571429,
Ketchup ,,,,,972.2222222222222,
"Ketchup, restaurant",1.11,0.55,26.8,68.5,949.0,
"Kiwi, Pass 2, Region 1",,0.9,,84.8,8.0,
"Kiwi, Pass 2, Region 2",,1.09,,84.8,,
"Kiwi, Pass 2, Region 3",,0.19,,84.6,6.0,
"Kiwi, Pass 2, Region 4",,0.25,,85.1,6.0,
"Kiwi, Region 1, n/a",,0.27,,83.4,4.0,
"Kiwi, Region 2, n/a",,0.34,,83.3,4.0,
"Kiwi, Region 3, n/a",,0.11,,82.6,2.0,
"Kiwi, Region 4, n/a",,0.4,,82.7,,
"Kiwifruit, green, raw",1.06,0.44,14.0,83.9,5.0,
"Lentils, dry",23.56875,1.925,62.17125,9.451,0.0,
"Lettuce, cos or romaine, raw",1.24,0.26,3.24,94.7,,
"Lettuce, iceberg, raw",0.7425,0.07375000000000001,3.36875,95.50111111111111,16.112222222222222,
"Lettuce, leaf, green",1.09375,0.15625555555555556,4.06615,94.00888888888889,28.875555555555554,
"Lettuce, leaf, red",0.883125,0.10625555555555555,3.260575,95.04666666666667,24.887777777777778,
"Lettuce, romaine, green",0.976875,0.07125,4.055575,94.28888888888889,23.0,
Lunchmeat ham,,,,,1040.7272727272727,
"Lunchmeat, ham - NFY1210NW",,3.24,,76.6,,
"Lunchmeat, ham - NFY1210OA",,4.66,,78.0,,
"Lunchmeat, ham - NFY1210OP",,3.62,,76.5,,
"Lunchmeat, ham - NFY1210P3",,3.99,,75.4,,
"Lunchmeat, ham - NFY1210PI",,3.92,,74.9,,
"Lunchmeat, ham - NFY1210PP",,3.07,,76.0,,
"Lunchmeat, ham - NFY1210PW",,3.08,,76.6,,
"Lunchmeat, ham - NFY1210Q3",,3.02,,75.6,,
"Lunchmeat, ham - NFY1210QA",,4.38,,74.9,,
"Lunchmeat, ham - NFY1210QH",,4.44,,74.4,,
"Lunchmeat, ham - NFY1210R2",,3.61,,73.8,,
"MILK, 1%",,0.9096,,89.72916666666667,39.25,
"MILK, 1% ",,1.14,,,,
"MILK, 2% ",,1.90125,,89.09166666666665,38.916666666666664,
"MILK, SKIM ",,0.12444444444444445,,90.79583333333333,41.166666666666664,
"MILK, WHOLE ",,3.1542307692307694,,88.05,37.81818181818182,
"MUSHROOMS, LIONS MANE",,0.25625,,88.565625,0.33625,
"MUSHROOMS, OYSTER",,0.1875,,89.23875,1.1275,
"MUSHROOMS, SHIITAKE",,0.195,,88.5975,0.93625,
"MUSHROOMS, WHITE BUTTON",,0.37083333333333335,,91.83416666666666,6.4433333333333325,
"Melons, cantaloupe, raw",0.82,0.18,8.16,90.2,30.0,
"Milk, lowfat, fluid",3.38,0.95,5.1850000000000005,89.7,39.0,
"Milk, nonfat, fluid",3.43,0.08,4.904999999999999,90.8,41.0,
"Milk, reduced fat, fluid",3.355,1.9,4.905,89.1,39.0,
"Milk, whole, 3.25% milkfat",3.275,3.2,4.65,88.1,38.0,
"Millet, whole grain",10.02177,4.194,74.44623,10.21,0.0,
"Minerals - Beef,  Eye of Round roast/steak, select",,,,,50.0,
"Minerals - Beef, Porterhouse Steak, select",,,,,43.0,
"Minerals - Beef, T-bone Steak, L_choice",,,,,71.0,
"Minerals - Beef, T-bone Steak, U_choice",,,,,63.0,
"Minerals - Beef, Tenderloin Roast, select",,,,,54.0,
"Minerals - Beef, Top Loin steak, boneless",,,,,45.5,
"Minerals - Beef, Top Round roast/steak, select",,,,,55.0,
"Minerals, American cheese, pasteurized process",,,,,1661.578947368421,
"Minerals, Cheddar cheese, sliced",,,,,650.4444444444445,
"Minerals, Cheese, cheddar",,,,,657.625,
"Minerals, Cheese, dry white",,,,,1808.3333333333333,
"Minerals, Cheese, string (low-moisture",,,,,716.0526315789474,
"Minerals, Cheese, swiss",,,,,184.91666666666666,
"Minerals, Chicken breasts, boneless",,,,,46.666666666666664,
"Minerals, Chicken, dark meat",,,,,116.3,
"Minerals, Chicken, skin",,,,,80.73333333333333,
"Minerals, Chinese Restaurant, Fried Rice (No Meat) (AL) - NFY1209PS",,,,,219.0,
"Minerals, Chinese Restaurant, Fried Rice (No Meat) (CA1) - NFY1209PZ",,,,,467.0,
"Minerals, Chinese Restaurant, Fried Rice (No Meat) (CA2) - NFY1209Q6",,,,,215.0,
"Minerals, Chinese Restaurant, Fried Rice (No Meat) (CO) - NFY1209QK",,,,,459.0,
"Minerals, Chinese Restaurant, Fried Rice (No Meat) (CT) - NFY1209QR",,,,,329.0,
"Minerals, Chinese Restaurant, Fried Rice (No Meat) (FL) - NFY1209QY",,,,,509.0,
"Minerals, Chinese Restaurant, Fried Rice (No Meat) (IN) - NFY120A4Q",,,,,278.0,
"Minerals, Chinese Restaurant, Fried Rice (No Meat) (MI) - NFY1209RC",,,,,323.0,
"Minerals, Chinese Restaurant, Fried Rice (No Meat) (MO) - NFY1209R5",,,,,410.0,
"Minerals, Chinese Restaurant, Fried Rice (No Meat) (NC) - NFY1209QD",,,,,320.0,
"Minerals, Chinese Restaurant, Fried Rice (No Meat) (NY) - NFY1209PL",,,,,383.0,
"Minerals, Chinese Restaurant, Fried Rice (No Meat) (OK) - NFY1209RJ",,,,,424.0,
"Minerals, Cottage cheese, 2% milkfat",,,,,321.125,
"Minerals, Greek yogurt, CHOBANI PLAIN NON-FAT (AL1,CA1) - NFY091105",,,,,35.0,
"Minerals, Greek yogurt, CHOBANI PLAIN NON-FAT (CA2,NC1) - NFY09110Q",,,,,36.0,
"Minerals, Greek yogurt, CHOBANI PLAIN NON-FAT (CO1,CT1) - NFY09110Z",,,,,37.0,
"Minerals, Greek yogurt, CHOBANI PLAIN NON-FAT (FL1,MO1) - NFY09111F",,,,,36.0,
"Minerals, Greek yogurt, CHOBANI PLAIN NON-FAT (MI1,OK1) - NFY09111P",,,,,35.0,
"Minerals, Greek yogurt, CHOBANI PLAIN NON-FAT (NY1) - NFY0910ZW",,,,,34.0,
"Minerals, Greek yogurt, DANNON OIKOS PLAIN NON-FAT (AL1,CA1) - NFY09114S",,,,,39.0,
"Minerals, Greek yogurt, DANNON OIKOS PLAIN NON-FAT (CA2,NC1) - NFY09115A",,,,,34.0,
"Minerals, Greek yogurt, DANNON OIKOS PLAIN NON-FAT (CO1,CT1) - NFY09115J",,,,,37.0,
"Minerals, Greek yogurt, DANNON OIKOS PLAIN NON-FAT (FL1,MO1) - NFY09116A",,,,,34.0,
"Minerals, Greek yogurt, DANNON OIKOS PLAIN NON-FAT (IN1,NY1) - NFY09114J",,,,,35.0,
"Minerals, Greek yogurt, DANNON OIKOS PLAIN NON-FAT (MI1) - NFY091160",,,,,34.0,
"Minerals, Greek yogurt, FAGE PLAIN NONFAT (AL1,CA1) - NFY09112I",,,,,34.0,
"Minerals, Greek yogurt, FAGE PLAIN NONFAT (CA2,NC1) - NFY09113Z",,,,,38.0,
"Minerals, Greek yogurt, FAGE PLAIN NONFAT (CO1,CT1) - NFY091139",,,,,33.0,
"Minerals, Greek yogurt, FAGE PLAIN NONFAT (FL1) - NFY09113P",,,,,39.0,
"Minerals, Greek yogurt, FAGE PLAIN NONFAT (IN1,NY1) - NFY091129",,,,,34.0,
"Minerals, Greek yogurt, FAGE PLAIN NONFAT (OK1) - NFY091130",,,,,35.0,
"Minerals, Ground turkey, 93% lean",,,,,83.5,
"Minerals, Haddock, raw (AL) - NFY060COK",,,,,78.0,
"Minerals, Haddock, raw (CO) - NFY060CM2",,,,,120.0,
"Minerals, Haddock, raw (CT) - NFY060CMH",,,,,131.0,
"Minerals, Haddock, raw (FL) - NFY060CNB",,,,,76.0,
"Minerals, Haddock, raw (IN) - NFY060CMW",,,,,367.0,
"Minerals, Haddock, raw (MI) - NFY060CPE",,,,,374.0,
"Minerals, Haddock, raw (NC) - NFY060CL8",,,,,452.0,
"Minerals, Haddock, raw (NY) - NFY060CO5",,,,,106.0,
"Minerals, Mozzarella cheese, low-moisture",,,,,681.3888888888889,
"Minerals, Mustard, yellow",,,,,1107.5,
"Minerals, Oil, coconut",,,,,0.0,
"Minerals, Onion rings, frozen",,,,,374.1818181818182,
"Minerals, Parmesan cheese, grated",,,,,1752.5,
"Minerals, Peanut butter, creamy",,,,,429.27777777777777,
"Minerals, Pickles, kosher dill",,,,,780.7222222222222,
"Minerals, Pollock, raw (CO) - NFY060DMF",,,,,72.0,
"Minerals, Pollock, raw (CT) - NFY060DMR",,,,,132.0,
"Minerals, Pollock, raw (IN) - NFY060DN3",,,,,193.0,
"Minerals, Pollock, raw (MI) - NFY060DP3",,,,,299.0,
"Minerals, Pollock, raw (MO) - NFY060DNR",,,,,431.0,
"Minerals, Pollock, raw (NC) - NFY060DLR",,,,,454.0,
"Minerals, Pollock, raw (NY) - NFY060DO3",,,,,468.0,
"Minerals, Pollock, raw (OK) - NFY060DM3",,,,,617.0,
"Minerals, Pupusas, Bean",,,,,305.3333333333333,
"Minerals, Sauce, pasta",,,,,419.0,
"Minerals, Sugar, Granulated",,,,,1.0,
"Minerals, Sweet And Sour Pork, Chinese restaurant (CA1) - NFY0903MQ",,,,,144.0,
"Minerals, Sweet And Sour Pork, Chinese restaurant (CA2) - NFY0903MX",,,,,216.0,
"Minerals, Sweet And Sour Pork, Chinese restaurant (CO1) - NFY0903NB",,,,,353.0,
"Minerals, Sweet And Sour Pork, Chinese restaurant (CT1) - NFY0903NI",,,,,405.0,
"Minerals, Sweet And Sour Pork, Chinese restaurant (FL1) - NFY0903NP",,,,,309.0,
"Minerals, Sweet And Sour Pork, Chinese restaurant (IN1) - NFY0903M5",,,,,243.0,
"Minerals, Sweet And Sour Pork, Chinese restaurant (MI1) - NFY0903O3",,,,,370.0,
"Minerals, Sweet And Sour Pork, Chinese restaurant (NC1) - NFY0903N4",,,,,231.0,
"Minerals, Sweet And Sour Pork, Chinese restaurant (NY1) - NFY0903MC",,,,,174.0,
"Minerals, Sweet And Sour Pork, Chinese restaurant (VA) - NFY0903MJ",,,,,352.0,
"Minerals, Sweet And Sour Pork, Chinese restaurant (VA3) - NFY0903OA",,,,,578.0,
"Minerals, Sweet And Sour Pork, Chinese restaurant (WV) - NFY0903NW",,,,,277.0,
"Minerals, Tamale, Pork (CA-AL,IL) - NFY09027T",,,,,425.0,
"Minerals, Tamale, Pork (CA-LA,CA-SD) - NFY0902AH",,,,,539.0,
"Minerals, Tamale, Pork (CA-SB) - NFY09028Z",,,,,475.0,
"Minerals, Tamale, Pork (NM) - NFY09029B",,,,,573.0,
"Minerals, Tamale, Pork (TX-HA,NV) - NFY0902A5",,,,,414.0,
"Minerals, Tamale, Pork (TX-TR) - NFY090285",,,,,412.0,
"Minerals, Tomatoes, diced",,,,,119.55555555555556,
"Minerals, Tuna, canned",,,,,244.95833333333334,
"Minerals, White bread, PEPPERIDGE FARMS (CO1,CT1) - NFY0907MX",,,,,530.0,
"Minerals, White bread, PEPPERIDGE FARMS (FL1,MO1) - NFY0907NH",,,,,482.0,
"Minerals, White bread, PEPPERIDGE FARMS (NC1,NY1,MI1) - NFY0907OL",,,,,525.0,
"Minerals, White bread, SARA LEE SOFT AND SMOOTH CLASSIC WHOLE (AL1,CA1) - NFY0907PP",,,,,333.0,
"Minerals, White bread, SARA LEE SOFT AND SMOOTH CLASSIC WHOLE (IN1,MO1) - NFY0907P5",,,,,405.0,
"Minerals, White bread, store brand",,,,,487.45454545454544,
"Minerals, Whole wheat bread, NATURES OWN (AL,OK) - NFY1204OH",,,,,545.0,
"Minerals, Whole wheat bread, NATURES OWN (FL,NC) - NFY1204Q2",,,,,428.0,
"Minerals, Whole wheat bread, NATURES OWN (IN,CT) - NFY1204P9",,,,,442.0,
"Minerals, Whole wheat bread, STROEHMANN DUTCH COUNTY (NY) - NFY1204M4",,,,,417.0,
"Minerals, Whole wheat bread, Store brand/other (AL,OK) - NFY1204QU",,,,,516.0,
"Minerals, Whole wheat bread, Store brand/other (CA1,CO) - NFY1204RL",,,,,457.0,
"Minerals, Whole wheat bread, Store brand/other (CA2,CT) - NFY1204RD",,,,,436.0,
"Minerals, Whole wheat bread, Store brand/other (FL,MO) - NFY1204S4",,,,,464.0,
"Minerals, Whole wheat bread, Store brand/other (IN,NY) - NFY1204QL",,,,,536.0,
"Minerals, Whole wheat bread, Store brand/other (MI,NC) - NFY1204SE",,,,,255.0,
"Minerals, Yogurt, Greek",,,,,32.3125,
"Mission Figs, Dried, Region 1",,0.59,,28.2,7.0,
"Mission Figs, Dried, Region 2",,0.7,,28.2,10.0,
"Mission Figs, Dried, Region 3",,0.59,,30.9,7.0,
"Mission Figs, Dried, Region 4",,0.69,,29.5,11.0,
"Moisture, Broccoli, cooked (AL1,CA1) - NFY0904KR",,,,87.9,,
"Moisture, Broccoli, cooked (CA2,NC1) - NFY0904KZ",,,,88.2,,
"Moisture, Broccoli, cooked (CO2,CT1) - NFY0904L7",,,,88.9,,
"Moisture, Broccoli, cooked (IN1,NY1) - NFY0904KJ",,,,89.2,,
"Moisture, Broccoli, raw (AL1,CA1) - NFY0904JF",,,,87.3,,
"Moisture, Broccoli, raw (CA2,NC1) - NFY0904JN",,,,88.1,,
"Moisture, Broccoli, raw (CO2,CT1) - NFY0904JV",,,,88.8,,
"Moisture, Broccoli, raw (IN1,NY1) - NFY0904J7",,,,89.0,,
"Moisture, Lettuce, Romaine",,,,94.60000000000001,,
"Mushroom, beech",2.18,0.4494,6.7593,89.85,0.8913,
"Mushroom, crimini",3.09375,0.1967,4.01455,91.82,4.572,
"Mushroom, enoki",2.416875,0.245,8.141425,88.29,0.4167,
"Mushroom, king oyster",2.40625,0.3075,8.50065,88.13,0.7713,
"Mushroom, lion's mane",2.5,0.2563,7.5897,88.57,0.3363,
"Mushroom, maitake",2.203125,0.265,6.604375,90.37,0.345,
"Mushroom, oyster",2.89875,0.1875,6.94125,89.24,1.128,
"Mushroom, pioppini",3.5,0.24,5.7637,89.56,0.0,
"Mushroom, portabella",2.75,0.3117,4.6583,91.48,5.312,
"Mushrooms, shiitake",2.414375,0.195,8.170625,88.6,0.9363,
"Mushrooms, white button",2.890625,0.3708,4.079375,91.83,6.443,
"Mustard, Yellow, Prepared",,4.013333333333334,,83.10000000000001,1081.6666666666667,
"Mustard, prepared, yellow",4.25,3.38,5.3,83.7,1100.0,
"Nectarines, Raw, Pass 2",,0.3825,,89.05,10.5,
"Nectarines, fresh, Region 1",,0.13,,88.1,15.0,
"Nectarines, fresh, Region 2",,0.13,,89.4,16.0,
"Nectarines, fresh, Region 3",,0.23,,89.4,,
"Nectarines, fresh, Region 4",,0.17,,89.2,17.0,
"Nectarines, raw",1.06,0.28,9.18,89.0,13.0,
"Nuts, almonds, dry roasted",20.4,57.8,16.2,2.2,256.0,
"Nuts, almonds, raw",,51.09,,4.26125,0.0,
"Nuts, almonds, whole",21.45038,51.09,20.03462,4.261,0.0,
"Nuts, brazilnuts, raw",15.03684,57.43,21.64216,2.265,0.0,
"Nuts, cashew nuts, raw",17.4423,38.86,36.2887,4.811,4.759,
"Nuts, hazelnuts or filberts, raw",13.4938,53.49,26.5012,4.309,0.0,
"Nuts, macadamia nuts, raw",7.7857,64.93,24.0943,1.829,0.0,
"Nuts, pecans, halves",9.9587,73.28,12.6993,2.623,0.0,
"Nuts, pecans, raw",,73.28333333333333,,2.6225,0.0,
"Nuts, pine nuts, raw",15.7039,61.271,18.5921,1.9249999999999998,0.0,
"Nuts, pistachio nuts, raw",20.5057,45.02,27.6943,3.95,0.0,
"Nuts, walnuts, English",14.5644,69.74,10.9096,3.145,0.0,
"OATMEAL COOKIES WITH RAISINS, PEPPERIDGE FARM SOFT BAKED",,15.0,,9.494,297.6,
"OATMEAL COOKIES WITH RAISINS, STORE/OTHER BRAND",,13.733333333333334,,8.316666666666666,327.5,
"ONIONS, RED",0.9416666666666668,0.10000000000000002,,88.56666666666666,1.3333333333333333,
"ONIONS, WHITE",,0.13,,91.3,1.6666666666666667,
"ONIONS, YELLOW",0.8316666666666667,0.05000000000000001,,90.11666666666667,1.1666666666666667,
"ORANGE JUICE, REFRIGERATED, NO PULP",,0.340625,,88.3640625,2.6529375,
"Oat milk, unsweetened, plain",0.796875,2.749,5.100325,90.56,41.98,
"Oats, whole grain, rolled",13.49645,5.89,68.65755,10.246666666666666,0.6675,
"Oats, whole grain, steel cut",12.51118,5.8,69.75082,10.143333333333334,0.3112555555555556,
"Oil, coconut",0.0,99.1,0.84,0.03,0.0,
Olives green stuffed with pimentos,,,,76.71538461538461,1616.1538461538462,
"Olives, Green Manzanilla - PA, NJ",,12.6,,,,
"Olives, Green Manzanilla, Lindsay - GA",,12.1,,,,
"Olives, Green Manzanilla, Lindsay - IN",,12.5,,,,
"Olives, Green Manzanilla, Lindsay - KY",,12.6,,,,
"Olives, Green Manzanilla, Mario - CA1",,14.5,,,,
"Olives, Green Manzanilla, Mario - GA",,14.8,,,,
"Olives, Green Manzanilla, Mario - KY",,13.1,,,,
"Olives, Green Manzanilla, Mario - NE",,13.4,,,,
"Olives, Green Manzanilla, Star - AZ",,13.0,,,,
"Olives, Green Manzanilla, Store Brand",,11.3,,,,
"Olives, Green Manzanilla, Store Brand - GA",,14.7,,,,
"Olives, Green Manzanilla, Store Brand - IA",,12.2,,,,
"Olives, green, Manzanilla",1.15,12.9,4.96,76.7,1620.0,
"Onion rings, breaded, par fried",4.52,14.4,36.3,43.4,374.0,
"Onions, red, raw",0.94,0.1,9.93,88.6,1.0,
"Onions, white, raw",0.89,0.13,7.68,91.3,2.0,
"Onions, yellow, raw",0.83,0.05,8.61,90.1,1.0,
"Orange juice, no pulp, not fortified",0.7734375,0.34065,10.1765125,88.36500000000001,2.653,
"Oranges, Navel, Pass 2",,0.18,,87.5,15.75,
"Oranges, Navel, Raw",,0.11375,,85.8125,1.0,
"Oranges, raw, navels",0.91,0.15,11.8,86.7,9.0,
"Oranges, raw, navels (Includes foods for USDA's Food Distribution Program)",0.91,0.15,11.8,86.7,9.0,
"Peaches, Raw, Pass 2",,0.35,,88.6,6.75,
"Peaches, raw, Region 1",,0.22,,87.0,17.0,
"Peaches, raw, Region 2",,0.07,,89.2,15.0,
"Peaches, raw, Region 3",,0.18,,87.7,21.0,
"Peaches, raw, Region 4",,0.28,,88.2,23.0,
"Peaches, yellow, raw",0.91,0.27,10.1,88.3,13.0,
"Peanut butter, creamy",23.99124,49.43,22.70376,1.104,220.7,
"Peanut butter, smooth style, with salt",22.5,51.1,22.3,1.18,429.0,
"Peanuts, raw",23.205,43.28,26.498,4.816,1.493,
"Pears, Bartlett, Pass 2",,0.12,,84.35,11.5,
"Pears, Bartlett, Region 1",,0.07,,84.0,,
"Pears, Bartlett, Region 2",,0.2,,84.2,,
"Pears, Bartlett, Region 3",,0.3,,83.8,,
"Pears, Bartlett, Region 4",,0.15,,84.0,,
"Pears, Bartlett, Regions 1 & 4",,,,84.4,2.0,
"Pears, Bartlett, Regions 2 & 3",,,,83.9,2.0,
"Pears, Bosc, Region 1",,0.07,,84.0,,
"Pears, Bosc, Region 2",,0.1,,81.6,,
"Pears, Bosc, Region 3",,0.2,,83.2,,
"Pears, Bosc, Region 4",,0.07,,83.6,,
"Pears, Bosc, Regions 1 & 4",,,,83.8,2.0,
"Pears, Bosc, Regions 2 & 3",,,,82.3,2.0,
"Pears, Green Anjou, Region 1",,0.11,,82.9,,
"Pears, Green Anjou, Region 2",,0.2,,83.9,,
"Pears, Green Anjou, Region 3",,0.1,,82.7,,
"Pears, Green Anjou, Region 4",,0.07,,82.9,,
"Pears, Green Anjou, Regions 1 & 4",,,,82.8,2.0,
"Pears, Green Anjou, Regions 2 & 3",,,,83.1,2.0,
"Pears, raw, bartlett",0.38,0.16,15.1,84.1,7.0,
"Pears, raw, bartlett (Includes foods for USDA's Food Distribution Program)",0.38,0.16,15.1,84.1,7.0,
"Peas, green, sweet",4.734375,1.153,12.707625,80.53,207.4,
"Peppers, bell, green",0.715,0.1063,4.7781,94.12,0.0,
"Peppers, bell, orange",0.881875,0.1556,6.703125,91.88,0.0,
"Peppers, bell, red",0.895625,0.1256,6.653175,91.93,0.0,
"Peppers, bell, yellow",0.819375,0.1211,6.601725,92.08,0.0,
"Pickles, Kosher dill",,,,,835.7777777777778,
"Pickles, cucumber, dill or kosher dill",0.48,0.43,1.99,94.7,808.0,
"Pickles, kosher dill",,0.5588888888888889,,94.9,,
"Pineapple, raw",0.4609375,0.21125555555555556,14.0914625,84.98555555555555,0.0,
"Pork, cured, bacon",40.9,36.5,2.1,14.2,1830.0,
"Pork, ground, raw",17.80625,17.49,0.0,63.87,53.63,
"Pork, loin, boneless",21.11875,9.469,0.0,68.82,40.2,
"Pork, loin, tenderloin",21.58125,3.899,0.0,73.93,41.39,
"Potatoes, gold, without skin",1.8125,0.2637555555555556,15.9624,81.06777777777778,2.2375555555555553,
"Potatoes, red, without skin",2.0625,0.2475,16.27,80.46777777777778,2.856222222222222,
"Potatoes, russet, without skin",2.27375,0.36000000000000004,17.77125,78.60555555555555,2.7425555555555556,
"Protein, ash,& moisture, Ground turkey",23.58139534883721,,,65.77674418604651,,
"Proximates, American cheese, pasteurized process",,30.569230769230767,,39.607692307692304,,
"Proximates, Beef, Boneless Top Loin steak",22.84166666666667,6.390000000000001,,69.93333333333332,,
"Proximates, Beef, Eye of Round roast/steak",23.425,2.4758333333333336,,73.69166666666666,,
"Proximates, Beef, Porterhouse Steak",22.666666666666668,5.315833333333333,,71.35833333333333,,
"Proximates, Beef, T-Bone Steak",27.337500000000002,11.380833333333333,,60.291666666666664,,
"Proximates, Beef, Tenderloin Roast",27.650000000000002,6.3625,,65.72500000000001,,
"Proximates, Beef, Top Round roast/steak",23.650000000000002,2.4066666666666667,,73.26666666666667,,
"Proximates, Cheddar cheese, sliced",,34.56666666666667,,35.605555555555554,,
"Proximates, Cheese, cheddar",,33.669230769230765,,37.246153846153845,,
"Proximates, Cheese, dry white",,24.349999999999998,,42.18333333333333,,
"Proximates, Cheese, string low-moisture",,20.445,,49.875,,
"Proximates, Cheese, swiss",,31.133333333333336,,37.800000000000004,,
"Proximates, Chicken breasts, boneless",,3.2449999999999997,,65.33333333333333,,
"Proximates, Chicken, dark meat",,,,71.64166666666667,,
"Proximates, Chicken, skin",,39.233333333333334,,42.638888888888886,,
"Proximates, Chinese Restaurant, Fried Rice (No Meat) (AL) - NFY1209PT",,3.84,,58.3,,
"Proximates, Chinese Restaurant, Fried Rice (No Meat) (CA1) - NFY1209Q0",,6.44,,60.5,,
"Proximates, Chinese Restaurant, Fried Rice (No Meat) (CA2) - NFY1209Q7",,2.38,,64.3,,
"Proximates, Chinese Restaurant, Fried Rice (No Meat) (CO) - NFY1209QL",,4.23,,64.8,,
"Proximates, Chinese Restaurant, Fried Rice (No Meat) (CT) - NFY1209QS",,1.97,,65.2,,
"Proximates, Chinese Restaurant, Fried Rice (No Meat) (FL) - NFY1209QZ",,2.49,,64.1,,
"Proximates, Chinese Restaurant, Fried Rice (No Meat) (IN) - NFY120A4R",,3.05,,59.5,,
"Proximates, Chinese Restaurant, Fried Rice (No Meat) (MI) - NFY1209RD",,4.27,,60.9,,
"Proximates, Chinese Restaurant, Fried Rice (No Meat) (MO) - NFY1209R6",,2.85,,53.5,,
"Proximates, Chinese Restaurant, Fried Rice (No Meat) (NC) - NFY1209QE",,1.34,,52.8,,
"Proximates, Chinese Restaurant, Fried Rice (No Meat) (NY) - NFY1209PM",,2.16,,54.3,,
"Proximates, Chinese Restaurant, Fried Rice (No Meat) (OK) - NFY1209RK",,3.24,,53.0,,
"Proximates, Cottage cheese, 2% milkfat",,2.2875,,81.15,,
"Proximates, Greek yogurt, CHOBANI PLAIN NON-FAT (AL1,CA1) - NFY09110F",,0.31,,85.2,,
"Proximates, Greek yogurt, CHOBANI PLAIN NON-FAT (CA2,NC1) - NFY09110R",,0.45,,85.0,,
"Proximates, Greek yogurt, CHOBANI PLAIN NON-FAT (CO1,CT1) - NFY091116",,0.26,,85.3,,
"Proximates, Greek yogurt, CHOBANI PLAIN NON-FAT (FL1,MO1) - NFY09111G",,0.42,,85.3,,
"Proximates, Greek yogurt, CHOBANI PLAIN NON-FAT (MI1,OK1) - NFY09111Y",,0.43,,85.7,,
"Proximates, Greek yogurt, CHOBANI PLAIN NON-FAT (NY1) - NFY0910ZX",,0.61,,85.3,,
"Proximates, Greek yogurt, DANNON OIKOS PLAIN NON-FAT (AL1,CA1) - NFY091150",,0.23,,85.0,,
"Proximates, Greek yogurt, DANNON OIKOS PLAIN NON-FAT (CA2,NC1) - NFY09115C",,0.52,,84.5,,
"Proximates, Greek yogurt, DANNON OIKOS PLAIN NON-FAT (CO1,CT1) - NFY09115R",,0.3,,84.5,,
"Proximates, Greek yogurt, DANNON OIKOS PLAIN NON-FAT (FL1,MO1) - NFY09116J",,0.31,,84.7,,
"Proximates, Greek yogurt, DANNON OIKOS PLAIN NON-FAT (IN1,NY1) - NFY09114L",,0.55,,84.3,,
"Proximates, Greek yogurt, DANNON OIKOS PLAIN NON-FAT (MI1) - NFY091161",,0.36,,84.9,,
"Proximates, Greek yogurt, FAGE PLAIN NONFAT (AL1,CA1) - NFY09112Q",,0.38,,85.0,,
"Proximates, Greek yogurt, FAGE PLAIN NONFAT (CA2,NC1) - NFY091149",,0.33,,85.0,,
"Proximates, Greek yogurt, FAGE PLAIN NONFAT (CO1,CT1) - NFY09113G",,0.3,,84.8,,
"Proximates, Greek yogurt, FAGE PLAIN NONFAT (FL1) - NFY09113Q",,0.41,,85.0,,
"Proximates, Greek yogurt, FAGE PLAIN NONFAT (IN1,NY1) - NFY09112A",,0.24,,85.1,,
"Proximates, Greek yogurt, FAGE PLAIN NONFAT (OK1) - NFY091131",,0.31,,85.3,,
"Proximates, Haddock, raw (AL) - NFY060COQ",,0.46,,82.2,,
"Proximates, Haddock, raw (CO) - NFY060CM8",,0.44,,85.5,,
"Proximates, Haddock, raw (CT) - NFY060CMN",,0.46,,81.6,,
"Proximates, Haddock, raw (FL) - NFY060CNH",,0.47,,83.2,,
"Proximates, Haddock, raw (IN) - NFY060CN2",,0.51,,86.2,,
"Proximates, Haddock, raw (MI) - NFY060CPK",,0.38,,85.8,,
"Proximates, Haddock, raw (NC) - NFY060CLE",,0.33,,81.4,,
"Proximates, Haddock, raw (NY) - NFY060COB",,0.55,,81.2,,
"Proximates, Mozzarella cheese, low-moisture",,20.316666666666666,,45.327777777777776,,
"Proximates, Mustard, yellow",,3.2158333333333338,,83.825,,
"Proximates, Oil, coconut",,99.05,,0.028333333333333335,,
"Proximates, Onion rings, frozen",,14.372727272727273,,43.38181818181818,,
"Proximates, Parmesan cheese, grated",,28.03333333333333,,22.833333333333332,,
"Proximates, Peanut butter, creamy",,51.111111111111114,,1.1805555555555556,,
"Proximates, Pickles, kosher dill",,0.30444444444444446,,94.4388888888889,,
"Proximates, Pollock, raw (CO) - NFY060DMJ",,0.51,,85.5,,
"Proximates, Pollock, raw (CT) - NFY060DMV",,0.51,,80.7,,
"Proximates, Pollock, raw (IN) - NFY060DN7",,0.47,,88.8,,
"Proximates, Pollock, raw (MI) - NFY060DP7",,0.37,,89.8,,
"Proximates, Pollock, raw (MO) - NFY060DNV",,0.21,,88.1,,
"Proximates, Pollock, raw (NC) - NFY060DLV",,0.37,,89.6,,
"Proximates, Pollock, raw (NY) - NFY060DO7",,0.4,,83.0,,
"Proximates, Pollock, raw (OK) - NFY060DM7",,0.41,,88.4,,
"Proximates, Pupusas, Bean",,9.011666666666667,,52.18333333333334,,
"Proximates, Salsa, PACE CHUNKY",,0.16666666666666666,,88.96666666666665,,
"Proximates, Salsa, TOSTITOS CHUNKY",,0.16666666666666666,,89.39999999999999,,
"Proximates, Sauce, pasta",,1.482222222222222,,87.39166666666667,,
"Proximates, Sugar, Granulated",,0.35625,,0.021249999999999998,,
"Proximates, Sweet And Sour Pork, Chinese restaurant (CA1,VA) - NFY0903J7",,17.0,,48.3,,
"Proximates, Sweet And Sour Pork, Chinese restaurant (CA2,NC1) - NFY0903JU",,3.34,,57.7,,
"Proximates, Sweet And Sour Pork, Chinese restaurant (CO1,CT1) - NFY0903KH",,14.2,,51.5,,
"Proximates, Sweet And Sour Pork, Chinese restaurant (IN1,NY1) - NFY0903IK",,14.8,,50.5,,
"Proximates, Sweet And Sour Pork, Chinese restaurant (MI1,VA3) - NFY0903LR",,16.0,,48.2,,
"Proximates, Sweet And Sour Pork, Chinese restaurant (VA2,WV) - NFY0903L4",,16.4,,48.9,,
"Proximates, Tamale, Pork (CA-AL,IL) - NFY09027Y",,9.23,,61.0,,
"Proximates, Tamale, Pork (CA-LA,CA-SD) - NFY0902AU",,10.2,,69.8,,
"Proximates, Tamale, Pork (CA-SB) - NFY090294",,9.57,,67.5,,
"Proximates, Tamale, Pork (NM) - NFY09029O",,9.12,,62.1,,
"Proximates, Tamale, Pork (TX-HA,NV) - NFY0902AA",,10.9,,59.2,,
"Proximates, Tamale, Pork (TX-TR) - NFY09028I",,5.19,,76.5,,
"Proximates, Tomatoes, diced",,0.255,,94.69999999999999,,
"Proximates, Tuna, canned",,0.9745833333333334,,78.35000000000001,,
"Proximates, White bread, PEPPERIDGE FARMS (CO1,CT1) - NFY0907N6",,5.4,,33.0,,
"Proximates, White bread, PEPPERIDGE FARMS (FL1,MO1) - NFY0907NU",,5.2,,34.4,,
"Proximates, White bread, PEPPERIDGE FARMS (NC1,NY1,MI1) - NFY0907OU",,5.3,,33.0,,
"Proximates, White bread, SARA LEE SOFT AND SMOOTH CLASSIC WHOLE (AL1,CA1) - NFY0907PY",,3.6,,35.9,,
"Proximates, White bread, SARA LEE SOFT AND SMOOTH CLASSIC WHOLE (IN1,MO1) - NFY0907PE",,4.0,,34.9,,
"Proximates, White bread, store brand",,3.090909090909091,,36.39090909090909,,
"Proximates, Whole wheat bread, NATURES OWN (AL,OK) - NFY1204OL",,3.22,,40.2,,
"Proximates, Whole wheat bread, NATURES OWN (FL,NC) - NFY1204Q6",,3.52,,40.3,,
"Proximates, Whole wheat bread, NATURES OWN (IN,CT) - NFY1204PE",,3.34,,40.0,,
"Proximates, Whole wheat bread, STROEHMANN DUTCH COUNTY (NY) - NFY1204M8",,3.15,,39.7,,
"Proximates, Whole wheat bread, Store brand/other (AL,OK) - NFY1204QY",,3.62,,38.8,,
"Proximates, Whole wheat bread, Store brand/other (CA1,CO) - NFY1204RQ",,3.78,,37.4,,
"Proximates, Whole wheat bread, Store brand/other (CA2,CT) - NFY1204RE",,4.0,,38.4,,
"Proximates, Whole wheat bread, Store brand/other (FL,MO) - NFY1204S6",,3.89,,37.7,,
"Proximates, Whole wheat bread, Store brand/other (IN,NY) - NFY1204QM",,3.4,,37.7,,
"Proximates, Whole wheat bread, Store brand/other (MI,NC) - NFY1204SI",,3.56,,36.5,,
"Proximates, Yogurt, Greek",8.065,0.14875,,79.01875,,
"Raspberries, raw",1.008125,0.1875,12.904375,85.55,0.0,
"Restaurant, Chinese, fried rice",3.84,3.19,32.5,59.3,361.0,
"Restaurant, Chinese, sweet and sour pork",8.88,13.6,25.5,50.8,304.0,
"Restaurant, Latino, pupusas con frijoles pupusas",5.59,9.01,31.5,52.2,305.0,
"Restaurant, Latino, tamale",7.38,9.04,15.8,66.0,473.0,
"Rice, brown, long grain",7.25305,3.306,76.68795,11.47,0.0,
"Rice, white, long grain",7.03885,1.033,80.31315,11.19,0.4625,
"Romaine Lettuce, Pass 2, Region 1 - Proximates - NFY0105FO",,0.28,,95.3,,
"Romaine Lettuce, Pass 2, Region 2 - Proximates - NFY0105GK",,0.21,,94.4,,
"Romaine Lettuce, Pass 2, Region 3 - Proximates - NFY0105HB",,0.16,,95.0,,
"Romaine Lettuce, Pass 2, Region 4 - Proximates - NFY0105I4",,0.26,,95.5,,
"Romaine Lettuce, Region 1, n/a",,0.31,,94.3,,
"Romaine Lettuce, Region 2, n/a",,0.31,,94.8,,
"Romaine Lettuce, Region 3, n/a",,0.23,,94.3,,
"Romaine Lettuce, Region 4, n/a",,0.34,,94.4,,
"SOY MILK, UNSWEETENED, PLAIN",,2.125,,92.398125,34.28346153846154,
"SPINACH, BABY",,0.61875,,92.52250000000001,111.425,
"SPINACH, REGULAR (MATURE)",,0.604375,,92.4334375,106.64375,
Salsa,,0.20833333333333334,,89.46666666666665,656.25,
"Salt, Iodized",,,,0.479375,,
"Salt, Not Iodized",,,,0.172,,
"Salt, iodized - NFY121S6F",,,,0.09,,
"Salt, table, iodized",,,,0.42,38700.0,
Salt; iodized,,,,,38662.5,
"Sauce, pasta, spaghetti/marinara",1.41,1.48,8.05,87.4,419.0,
"Sauce, salsa, ready-to-serve",1.44,0.19,6.74,89.3,656.0,
"Sausage, Italian, pork",18.2,26.2,2.15,50.9,766.0,
"Sausage, breakfast sausage, beef",13.3,28.7,3.37,51.7,866.0,
"Sausage, pork, chorizo",19.3,28.1,2.63,46.3,983.0,
"Sausage, turkey, breakfast links",16.7,10.4,0.93,69.6,599.0,
"Seeds, pumpkin seeds (pepitas), raw",29.9079,40.03,18.6751,6.621,0.0,
"Seeds, sunflower seed kernels, dry roasted",21.0,56.1,17.1,1.5,532.0,
"Seeds, sunflower seed, kernel",18.8733,48.44,24.5007,4.873,0.0,
"Sesame butter, creamy",19.7054,62.4,14.179,0.6056,63.63,
"Soy milk, sweetened, plain",2.776875,1.957,2.996125,91.52,39.44,
"Soy milk, unsweetened, plain",3.546875,2.125,1.293125,92.4,34.28,
"Spinach, baby",2.851875,0.6188,2.406325,92.52,111.4,
"Spinach, mature",2.90625,0.6044,2.64135,92.43,106.6,
"Squash, acorn, raw",,0.1825,,87.21625,0.0,
"Squash, butternut, raw",,0.1675,,87.32125,0.0,
"Squash, summer, green",0.984375,0.205,,,0.0,
"Squash, summer, yellow",0.890625,0.135,,,0.0,
"Squash, winter, acorn",1.25,0.1825,10.48,87.22,0.0,
"Squash, winter, butternut",1.14875,0.1675,10.50745,87.32,0.0,
"Squash, yellow, raw",,0.135,,,0.0,
"Squash, zucchini, raw",,0.205,,,0.0,
"Strawberries, Fresh, Pass 2",,0.21,,90.6,4.75,
"Strawberries, fresh, Region 1",,0.31,,91.0,13.0,
"Strawberries, fresh, Region 2",,0.13,,91.6,12.0,
"Strawberries, fresh, Region 3",,0.25,,91.4,24.0,
"Strawberries, fresh, Region 4",,0.22,,92.2,16.0,
"Strawberries, raw",0.6403125000000001,0.22,7.7971875,90.965,5.0,
"Sugars, granulated",0.0,0.32,99.6,0.02,1.0,
Sunflower seeds dry roasted salted,,56.099999999999994,,1.495,532.1666666666666,
"Sweet Potatoes, Orange Flesh, without skin",,0.375,,79.535,0.0,
"Sweet potatoes, orange flesh, without skin",1.578125,0.375,17.327875,79.54,0.0,
"TOMATO JUICE, SHELF STABLE, FROM CONCENTRATE",,0.2875,,93.59875,235.5625,
"TOMATOES, GRAPE",,0.6283333333333333,,92.47222222222223,5.833333333333333,
"TOMATOES, ROMA",,0.425,,94.73202857142857,0.0,
"TURKEY BREAKFAST SAUSAGE, BUTTERBALL",,11.9,,67.5,480.0,
"TURKEY BREAKFAST SAUSAGE, HILLSHIRE SMOKED",,9.37,,67.6,914.0,
"TURKEY BREAKFAST SAUSAGE, HONEYSUCKLE FRESH",,11.2,,70.2,527.0,
"TURKEY BREAKFAST SAUSAGE, HONEYSUCKLE WHITE",,9.936666666666667,,71.65,494.5,
"TURKEY BREAKFAST SAUSAGE, JENNIE O - MILD",,9.81,,71.8,624.5,
"TURKEY BREAKFAST SAUSAGE, JIMMY DEAN",,11.0,,64.7,630.0,
"Tomato juice, with added ingredients, from concentrate",0.859375,0.2875,4.320625,93.6,235.6,
"Tomato, paste, canned",4.234375,0.7325,20.188125,71.93,61.15,
"Tomato, puree, canned",1.578125,0.265,8.036875,89.11,29.36,
"Tomato, roma",0.695625,0.425,3.837475,94.73,0.0,
"Tomato, sauce, canned",1.351875,0.3825,6.331625,90.21,416.9,
"Tomatoes, canned",,0.7416666666666667,,94.41111111111111,129.5,
"Tomatoes, canned, red",0.84,0.5,3.32,94.6,125.0,
"Tomatoes, crushed, canned",1.4375,0.3975,7.137,89.94,139.8,
"Tomatoes, grape, raw",0.83,0.63,5.51,92.5,6.0,
"Tomatoes, whole, canned",0.8675,0.2063,4.2874,93.93,111.5,
"Total Fat, Ground turkey, 93% lean",,10.37186046511628,,,,
"Total lipid, Sugar, Granulated",,0.0,,,,
Tuna; chunk light; canned in water; drained solids,,0.8833333333333333,,79.85,185.05555555555554,
"Turkey, ground, 93% lean",27.1,9.993,0.0,70.535,82.14,
"Turkey, ground, 93% lean/ 7% fat",17.34375,9.591,0.0,72.89,80.18,
Whole eggs,,10.290714285714285,,75.34285714285714,,
"Whole eggs, dried",,39.752941176470586,,4.07,504.22222222222223,
"Yogurt, Greek, plain",9.539439999999999,2.382,4.19701,83.16,34.879999999999995,
"Yogurt, Greek, strawberry",8.06,0.15,12.2,79.0,32.0,
"Yogurt, Greek, whole milk",,4.394375,,81.315,33.75625,
"Yogurt, plain, nonfat",4.22675,0.0875,8.07675,86.57,51.48,
"Yogurt, plain, whole milk",3.824172,4.484,5.574928,85.27,41.78,
"Yogurt, whole milk, plain",,4.484375,,85.26625,41.78125,
"almond butter, creamy",,53.04375,,1.75125,0.99625,
"almond milk, refrigerated, unsweetened",,1.5575,,96.52125,59.220000000000006,
"amaranth, flour",,6.23625,,9.48625,0.0,
"applesauce, unsweetened, with vit C added",,0.1625,,87.103125,0.5037499999999999,
"barley, flour",,2.45,,9.89875,20.3275,
"beans, black, canned",,1.2725,,70.78999999999999,217.925,
"beans, blackeye pea, canned",,1.2962500000000001,,71.62125,226.6875,
"beans, cannellini, canned",,1.16875,,71.52625,164.025,
"beans, cannellini, dry",,2.19875,,12.30125,0.0,
"beans, chick peas/garbanzos, canned",,3.09625,,68.58500000000001,201.7,
"beans, chickpeas/garbanzos, dry",,6.27375,,8.77375,8.77875,
"beans, great northern, canned",,1.2662499999999999,,71.1625,223.1375,
"beans, kidney, dark red",,1.25625,,68.81875,172.3375,
"beans, kidney, light red",,1.29875,,68.92875,158.4875,
"beans, navy, canned",,1.3975,,70.95875,190.125,
"beans, pinto, canned",,1.26625,,71.32625,201.55,
"beef, chuck, roast",,17.79875,,63.43375,48.4375,
"beef, flank steak",,9.39875,,69.775,51.3,
"beef, ribeye steak, boneless",,20.035,,60.63,42.5375,
"beef, top round, boneless",,5.7025,,70.88374999999999,45.5375,
"blackeye pea, dry",,2.41875,,11.0075,3.4575,
"blueberries, fresh, raw",,0.30625,,84.19375,0.0,
"brazil nuts, raw",,57.43125,,2.265,0.0,
"brown rice, long grain, unenriched",,3.30625,,11.473749999999999,0.0,
"buckwheat, flour",,2.48375,,12.04375,0.0,
"buckwheat, whole grain",,3.03875,,12.9525,0.0,
"cabbage, green, raw",,0.22749999999999998,,91.865,16.095,
"cabbage, red, raw",,0.21375,,91.14125,11.72125,
"carrots, baby, raw",,0.1375,,89.30375000000001,62.6625,
"carrots, mature, raw",,0.350625,,87.716875,86.65,
"cashews, raw",,38.85625,,4.81125,4.75875,
cassava flour,,0.49375,,10.555,13.08375,
"catfish, farm raised, raw",,7.3075,,75.8875,60.5125,
"celery, raw",,0.1625,,95.2025,97.2125,
chestnut flour,,4.63625,,7.32625,0.0,
"chicken, breast, boneless",,1.93375,,74.775,65.75,
"chicken, thighs, boneless",,7.91625,,72.91625,62.325,
coconut flour,,15.28125,,4.69,46.9375,
"cod, Atlantic, wild caught",,0.6675,,82.86375,298.825,
cotija (solid),,27.244285714285716,,39.99571428571429,1625.0,
"cottage cheese, 4% milkfat, large curd",,4.15,,77.95500000000001,338.0,
"cottage cheese, 4% milkfat, small curd",,4.24375,,78.13125,352.6875,
"crab, blue swimming, lump",,0.8075,,78.8775,331.3125,
"cream cheese, block, full fat",,33.49375,,54.7225,367.75,
"cucumber, with skin, raw",,0.1775,,95.865,1.5150000000000001,
"flour, 00",,1.52,,12.170625,0.0,
"flour, semolina, fine",,1.8375,,12.109125,0.42625,
"flour, spelt, whole grain",,2.5425,,10.716625,0.0,
fresco (solid),,23.35625,,51.38125,626.5,
"grapes, green, seedless",,0.2325,,79.8775,3.1712499999999997,
"grapes, red, seedless",,0.16375,,78.1925,6.999375,
ground flaxseed meal,,37.28,,6.804375,36.737500000000004,
"hazelnuts, raw",,53.49,,4.30875,0.0,
heavy cream,,35.5625,,58.1325,20.6125,
"lentils, brown, dry",,1.98,,9.2,0.0,
"lentils, dry",,1.917142857142857,,9.487142857142857,0.0,
"macadamia nuts, raw",,64.9325,,1.82875,0.0,
"millet, whole grain",,4.19375,,10.20625,0.0,
"monterey jack cheese, block",,32.63,,39.18,662.1875,
"mushrooms, crimini",,0.19666666666666666,,91.815,4.571666666666666,
"mushrooms, enoki",,0.245,,88.28666666666668,0.4166666666666667,
"mushrooms, hon-shimiji (beech), white",,0.44937499999999997,,89.85249999999999,0.8912500000000001,
"mushrooms, king oyster",,0.3075,,88.13187500000001,0.77125,
"mushrooms, maitake",,0.265,,90.368125,0.345,
"mushrooms, pioppini",,0.24,,89.561875,0.0,
"mushrooms, portabella",,0.3116666666666667,,91.4775,5.3116666666666665,
"oat milk, refrigerated, unsweetened",,2.7487500000000002,,90.5625,41.984375,
oaxaca ,,22.0975,,49.801249999999996,734.1875,
"peanut butter, creamy",,49.43375,,1.10375,220.6875,
"peanuts, raw",,43.276250000000005,,4.81625,1.4925000000000002,
"peas, green, sweet",,1.1525,,80.53375,207.4,
"peppers, bell, green",,0.10625,,94.1175,0.0,
"peppers, bell, orange",,0.15555555555555556,,91.87722222222222,0.0,
"peppers, bell, red",,0.12555555555555553,,91.93,0.0,
"peppers, bell, yellow",,0.1211111111111111,,92.08333333333333,0.0,
"pistachio nuts, raw",,45.01875,,3.95,0.0,
"pork, ground, raw",,17.48857142857143,,63.87428571428571,53.628571428571426,
"pork, loin, boneless",,9.46875,,68.82375,40.2,
"pork, tenderloin, boneless",,3.89875,,73.925,41.3875,
"provolone cheese, sliced, non-smoked",,28.16333333333333,,42.245,586.0,
"provolone cheese, sliced, smoked",,28.009999999999998,,42.64,645.5,
"pumpkin seeds (pepitas), raw",,40.03375,,6.62125,0.0,
"quinoa, flour",,6.60125,,9.95125,6.321249999999999,
"raspberries, fresh, raw",,0.1875,,85.55,0.0,
"rye, flour",,1.9075,,11.1275,0.0,
"salmon, Atlantic, farm raised",,13.10875,,65.84,49.4875,
"salmon, sockeye, wild caught",,4.93625,,72.50625,53.3,
"sesame seed butter (tahini), creamy",,62.3975,,0.605625,63.625,
"shrimp, farm raised, raw",,0.80125,,81.28375,474.9375,
"sorghum, flour",,3.58625,,9.41375,0.0,
"sour cream, full fat",,17.985,,72.58,50.0375,
"soy milk, refrigerated, sweetened",,1.957142857142857,,91.52142857142857,39.44285714285714,
"strawberries, fresh, raw",,0.22,,90.82875,0.0,
"sunflower seed kernels, raw",,48.43875,,4.8725000000000005,0.0,
"tilapia, farm raised, raw",,2.47875,,78.28125,93.6625,
"tomato, paste, canned",,0.7325,,71.9275,61.15,
"tomato, puree, canned",,0.265,,89.10875,29.36,
"tomato, sauce, canned",,0.3825,,90.2075,416.875,
"tomatoes, crushed, canned",,0.3975,,89.94375,139.8,
"tomatoes, whole, canned",,0.20625,,93.9325,111.5,
"white rice, long grain, unenriched",,1.033125,,11.1875,0.4625,
"yogurt, plain, nonfat",,0.0875,,86.5725,51.475,
